FID,OBJECTID,SHAPE,STATION,LINIE,BEMERKUNG,ANLAGEN_ID,GRUPPEN_ID,SE_ANNO_CAD_DATA
AUFZUGOGD.1,1,POINT (16.369392226406138 48.202103376514366),Karlsplatz,U1,Aufzug fährt vom U1 Bahnsteig in die Karlsplatzpassage.,KP A03,KP A04,
AUFZUGOGD.2,2,POINT (16.424072365647994 48.2379798500527),Alte Donau,U1,Aufzug fährt vom Aufnahmegebäude Ausgang Arbeiterstrandbadstraße auf den U1-Seitenbahnsteig (Fahrtrichtung 2 nach Reumannplatz),AD A02, ,
AUFZUGOGD.3,3,POINT (16.415758958425307 48.23262187991887),Kaisermühlen,U1,Aufzug fährt vom Aufnahmegebäude Ausgang Schüttaustraße auf den U1-Seitenbahnsteig (Fahrtrichtung 2 nach Reumannplatz),KM A02, ,
AUFZUGOGD.4,4,POINT (16.416022227411663 48.232441653556336),Kaisermühlen,U1,Aufzug fährt vom Aufnahmegebäude Ausgang Schüttaustraße auf den U1-Seitenbahnsteig (Fahrtrichtung 1 nach Leopoldau),KM A01, ,
AUFZUGOGD.5,5,POINT (16.443653066233757 48.25074929264833),Kagraner Platz,U1,Aufzug fährt vom U1-Mittelbahnsteig in das stadtauwärtige Aufnahmegebäude Ausgang Kagraner Platz,KT A04,KT A04,
AUFZUGOGD.6,6,POINT (16.443673028397036 48.250747777512714),Kagraner Platz,U1,Aufzug fährt vom U1-Mittelbahnsteig in das stadtauwärtige Aufnahmegebäude Ausgang Kagraner Platz,KT A03,KT A04,
AUFZUGOGD.7,7,POINT (16.44296039464736 48.24991047668024),Kagraner Platz,U1,Aufzug fährt vom U1-Mittelbahnsteig in das stadteinwärtige Aufnahmegebäude Ausgang Donaufelderstraße/Wagramerstraße.,KT A02,KT A01,
AUFZUGOGD.8,8,POINT (16.44298224082006 48.249907918510125),Kagraner Platz,U1,Aufzug fährt vom U1-Mittelbahnsteig in das stadteinwärtige Aufnahmegebäude Ausgang Donaufelderstraße/Wagramerstraße.,KT A01,KT A01,
AUFZUGOGD.9,9,POINT (16.450068814335367 48.2581957059109),Rennbahnweg,U1,Aufzug fährt vom U1 Mittelbahnsteig in das stadtauswärtige Aufnahmegebäude Ausgang Wagramerstraße,RB A02, ,
AUFZUGOGD.10,10,POINT (16.449251839605257 48.257049789271505),Rennbahnweg,U1,Aufzug fährt vom U1-Mittelbahnsteig in das stadteinwärtige Aufnahmegebäude Ausgang Rennbahnweg,RB A01, ,
AUFZUGOGD.11,11,POINT (16.451686384049662 48.26413106523472),Aderklaaer Straße,U1,Aufzug fährt vom U1-Mittelbahnsteig in das stadtauswärtige Aufnahmegebäude Ausgang Baldassgasse,AK A02, ,
AUFZUGOGD.12,12,POINT (16.451557561876744 48.262841548454006),Aderklaaer Straße,U1,Aufzug fährt vom U1-Mittelbahnsteig in das stadteinwärtige Aufnahmegebäude Ausgang Aderklaaer Straße,AK A01, ,
AUFZUGOGD.13,13,POINT (16.447557630753955 48.27172644143411),Großfeldsiedlung,U1,Aufzug fährt vom U1-Mittelbahnsteig in das stadtauswärtige Aufnahmegebäude Ausgang Gitlbauergasse/Kürschnergasse,GF A02, ,
AUFZUGOGD.14,14,POINT (16.44817177988955 48.27038543920952),Großfeldsiedlung,U1,Aufzug fährt vom U1-Mittelbahnsteig in das stadteinwärtige Aufnahmegebäude Ausgang Dopschstraße,GF A01, ,
AUFZUGOGD.15,15,POINT (16.4526605052263 48.277519225185586),Leopoldau,U1,Aufzug fährt vom Zwischengeschoss (Parkhaus) in das stadtauswärtige Aufnahmegebäude Ausgang Schererstraße,LU A04, ,
AUFZUGOGD.16,16,POINT (16.451046205860536 48.277199629093616),Leopoldau,U1,Aufzug fährt von der Passage in das Aufnahmegebäude Ausgang Schererstraße,LU A03, ,
AUFZUGOGD.17,17,POINT (16.4525658019086 48.277674776280065),Leopoldau,U1,Aufzug fährt vom Zwischengeschoss (Parkhaus) auf den U1-Mittelbahnsteig,LU A02, ,
AUFZUGOGD.18,18,POINT (16.451330645710314 48.27740476761723),Leopoldau,U1,Aufzug fährt von der Passage auf den U1-Mittelbahnsteig,LU A01, ,
AUFZUGOGD.19,19,POINT (16.39290098518365 48.21969980794623),Praterstern,U1,Aufzug fährt vom U1-Seitenbahnsteig (Fahrtrichtung 1 nach Leopoldau) in das Zwischengeschoß (Übergang zur U2) und in das Aufnahmegebäude Ausgang Lassallestraße,PR A02, ,
AUFZUGOGD.20,20,POINT (16.392983976821608 48.21961965941393),Praterstern,U1,Aufzug fährt vom U1-Seitenbahnsteig (Fahrtrichtung 2 nach Reumannplatz) in das Zwischengeschoß (Übergang zur U2) und in das Aufnahmegebäude Ausgang Lassallestraße,PR A01, ,
AUFZUGOGD.21,21,POINT (16.400500003535516 48.22309680985474),Vorgartenstraße,U1,Aufzug fährt vom U1-Seitenbahnsteig (Fahrtrichtung 1 nach Leopoldau) in das stadteinwärtige Aufnahmegebäude Ausgang Radingerstraße,VS A01, ,
AUFZUGOGD.22,22,POINT (16.400127672040252 48.223392068050074),Vorgartenstraße,U1,Aufzug fährt vom U1-Seitenbahnsteig (Fahrtrichtung 2 nach Reumannplatz) in das stadteinwärtige Aufnahmegebäude Ausgang Radingerstraße,VS A02, ,
AUFZUGOGD.23,23,POINT (16.371780840298616 48.20914611040118),Stephansplatz,U1,Aufzug fährt vom Zwischengeschoß an die Oberfläche Ausgang Stephansplatz,SZ A04, ,
AUFZUGOGD.24,24,POINT (16.371604926040725 48.208035462670054),Stephansplatz,U1,Aufzug fährt vom U1-Bahnsteig (beide Fahrtrichtungen) auf den U3-Seitenbahnsteig (Fahrtrichtung 2 nach Ottakring) und auf den U3-Seitenbahnsteig (Fahrtrichtung nach Simmering) und in das Zwischengeschoß,SZ A03,SZ A01,
AUFZUGOGD.25,25,POINT (16.371559013472186 48.20804761135333),Stephansplatz,U1,Aufzug fährt vom U1-Bahnsteig (beide Fahrtrichtungen) auf den U3-Seitenbahnsteig (Fahrtrichtung 2 nach Ottakring) und auf den U3-Seitenbahnsteig (Fahrtrichtung nach Simmering) und in das Zwischengeschoß,SZ A01,SZ A01,
AUFZUGOGD.26,26,POINT (16.371580368762125 48.208042608146535),Stephansplatz,U1,Aufzug fährt vom U1-Bahnsteig (beide Fahrtrichtungen) auf den U3-Seitenbahnsteig (Fahrtrichtung 2 nach Ottakring) und auf den U3-Seitenbahnsteig (Fahrtrichtung nach Simmering) und in das Zwischengeschoß,SZ A02,SZ A01,
AUFZUGOGD.27,27,POINT (16.432685422314442 48.242828558249066),Kagran,U1,Aufzug fährt vom Aufnahmegebäude Ausgang Anton-Sattler-Gasse auf den U1-Mittelbahnsteig,ZK A01, ,
AUFZUGOGD.28,28,POINT (16.424268888708337 48.23785739645308),Alte Donau,U1,Aufzug fährt vom Aufnahmegebäude Ausgang Arbeiterstrandbadstraße auf den U1-Mittelbahnsteig (Fahrtrichtung 1 nach Leopoldau),AD A01, ,
AUFZUGOGD.29,29,POINT (16.369392226406138 48.202103376514366),Karlsplatz,U1,Aufzug fährt vom U1 Bahnsteig in die Karlsplatzpassage.,KP A04,KP A04,
AUFZUGOGD.30,30,POINT (16.36624251814007 48.2006642845427),Karlsplatz,U1,Aufzug fährt von der Passage (Ostpassage) an die Oberfläche Ausgang Secession.,KP A07, ,
AUFZUGOGD.31,31,POINT (16.373592019134193 48.18646362733149),Südtirolerplatz,U1,Aufzug fährt vom Bahnsteig ins Zwischengeschoß zum alten Südtirolerplatz und ins obere Zwischengeschoß Aufgang Favoritenstraße.,SL A01,SL A01,
AUFZUGOGD.32,32,POINT (16.373592019134193 48.18646362733149),Südtirolerplatz,U1,Aufzug fährt vom Bahnsteig ins Zwischengeschoß zum alten Südtirolerplatz und ins Zwischengeschoß zum Aufgang Favoritenstraße.,SL A02,SL A01,
AUFZUGOGD.33,33,POINT (16.37695743188179 48.2116206923756),Schwedenplatz,U1,Aufzug fährt vom U1-Bahnsteig (beide Fahrtrichtungen) in das Zwischengeschoß (Übergang zur U4) und in das Aufnahmegebäude Ausgang Schwedenplatz,SP A01, ,
AUFZUGOGD.34,34,POINT (16.377920490052777 48.21184861396844),Schwedenplatz,U1,Aufzug fährt vom Zwischengeschoß (Übergang zur U1) auf den U4-Mittelbahnsteig.,SP A02, ,
AUFZUGOGD.35,35,POINT (16.37785306805431 48.211827064782945),Schwedenplatz,U1,Aufzug fährt vom U1-Bahnsteig (beide Fahrtrichungen) in das Zwischengeschoß (Übergang zur U4),SP A03, ,
AUFZUGOGD.36,36,POINT (16.37327233508802 48.18623958627557),Südtirolerplatz,U1,Aufzug fährt von der Zwischengeschoß (Passage) an die Oberfläche Aufgang Favoritenstraße.,SL A03, ,
AUFZUGOGD.37,37,POINT (16.37039559718099 48.19373226272004),Taubstummengasse,U1,Der Aufzug fährt vom Bahnsteig der Linie U1 an die Oberfläche Favoritenstraße.,TA A01, ,
AUFZUGOGD.38,38,POINT (16.376127065385518 48.179310132491736),Keplerplatz,U1,Aufzug fährt vom Bahnsteig der Linie U1 an die Oberfläche.,KE A01, ,
AUFZUGOGD.39,39,POINT (16.392913564075645 48.21873398759651),Praterstern,U1,Aufzug fährt vom U2-Mittelbahnsteig in das Zwischengeschoss (Übergang zur U1) und in die Passage,PR A04,PR A03,
AUFZUGOGD.40,40,POINT (16.394563827211105 48.21838354055104),Praterstern,U1,Aufzug fährt vom U2-Mittelbahnsteig in das Aufnahmegebäude Ausgang Venediger Au/Ausstellungsstraße,PR A06, ,
AUFZUGOGD.41,41,POINT (16.392876069195257 48.2187419381021),Praterstern,U1,Aufzug fährt vom U2-Mittelbahnsteig in das Zwischengeschoss (Übergang zur U1) und in die Passage,PR A05,PR A03,
AUFZUGOGD.42,42,POINT (16.392973845828706 48.21872475776361),Praterstern,U1,Aufzug fährt vom U2-Mittelbahnsteig in das Zwischengeschoss (Übergang zur U1) und in die Passage,PR A03,PR A03,
AUFZUGOGD.43,43,POINT (16.390423306096363 48.21871266706558),Praterstern,U1,Aufzug fährt von der Passage in das stadteinwärtige Aufnahmegebäude Praterstraße,PR A07, ,
AUFZUGOGD.44,44,POINT (16.385490558992753 48.215271517832164),Nestroyplatz,U1,Aufzug fährt vom U1-Mittelbahnsteig an die Oberfläche Ausgang Praterstraße,NP A01, ,
AUFZUGOGD.45,45,POINT (16.377642044147215 48.17558019279746),Reumannplatz,U1,Aufzug fährt vom Bahnsteig der Linie U1 an die Oberfläche Ausgang Favoritenstraße (Stadteinwärtige Seite),RP A01, ,
AUFZUGOGD.46,46,POINT (16.356709296503634 48.20585041164454),Volkstheater,U2,Aufzug fährt vom U2 Bahnsteig der Linie U2 Gleis 1 Richtung Karlsplatz an die Oberfläche.,VT A08, ,
AUFZUGOGD.47,47,POINT (16.357569557632917 48.2058851527888),Volkstheater,U2,Aufzug fährt vom U2 Bahnsteig der Linie U2 Gleis 2 Richtung Aspernstraße an die Oberfläche.,VT A07, ,
AUFZUGOGD.48,48,POINT (16.361070253173278 48.202529584899125),Museumsquartier,U2,Aufzug fährt vom Seitenbahnsteig (Fahrtrichtung 1 nach Karlsplatz) in das Zwischengeschoss und in das Aufnahmegebäude Ausgang Museumsquartier,BA A01, ,
AUFZUGOGD.49,49,POINT (16.361337385008074 48.20288882311074),Museumsquartier,U2,Aufzug fährt vom Seitenbahnsteig (Fahrtrichtung 2 nach Aspernstraße) in das Zwischengeschoss und in das Aufnahmegebäude Ausgang Museumsquartier,BA A02, ,
AUFZUGOGD.50,50,POINT (16.355640417326097 48.210416116420326),Rathaus,U2,Aufzug fährt vom Seitenbahnsteig (Fahrtrichtung 2 nach Aspernstraße) in das Aufnahmegebäude Ausgang Friedrich-Schmidt-Platz,RH A02, ,
AUFZUGOGD.51,51,POINT (16.35518277538955 48.21022821726812),Rathaus,U2,Aufzug fährt vom Seitenbahnsteig (Fahrtrichtung 1 nach Karlsplatz) in das Aufnahmegebäude Ausgang Josefstädter Straße,RH A01, ,
AUFZUGOGD.52,52,POINT (16.368628125018695 48.20100865339945),Karlsplatz,U2,Der Aufzug fährt von U2 Bahnsteig Endstation in das Zwischengeschoß und in die Passage,KP A06, ,
AUFZUGOGD.53,53,POINT (16.368705839627385 48.20113712153009),Karlsplatz,U2,Der Aufzug fährt vom Bahnsteig der Linie U3 Richtung Aspernstraße in das Zwischengeschoß und in die Passage.,KP A02, ,
AUFZUGOGD.54,54,POINT (16.36252932645713 48.21487047883734),Schottentor,U2,Aufzug fährt vom U2-Mittelbahnsteig in die Passage,SO A01, ,
AUFZUGOGD.55,55,POINT (16.43214599681354 48.20662619577465),Donaumarina,U2,Aufzug fährt vom stadtauswärtigen Aufnahmegebäude Ausgang Donaumarina auf den U2-Seitenbahnsteig (Fahrtrichtung 2 nach Aspernstraße),DM A06, ,
AUFZUGOGD.56,56,POINT (16.43194693294351 48.206775155957),Donaumarina,U2,Aufzug fährt vom stadtauswärtigen Aufnahmegebäude Ausgang Donaumarina auf den U2-Seitenbahnsteig (Fahrtrichtung 1 nach Karlsplatz),DM A05, ,
AUFZUGOGD.57,57,POINT (16.43106092977727 48.20607348006813),Donaumarina,U2,Aufzug fährt vom stadteinwärtigen Aufnahmegebäude Ausgang Wehlistraße auf den U2-Seitenbahnsteig (Fahrtrichtung 2 nach Aspernstraße),DM A04,DM A04,
AUFZUGOGD.58,58,POINT (16.43108510062921 48.2060544242236),Donaumarina,U2,Aufzug fährt vom stadteinwärtigen Aufnahmegebäude Ausgang Wehlistraße auf den U2-Seitenbahnsteig (Fahrtrichtung 2 nach Aspernstraße),DM A03,DM A04,
AUFZUGOGD.59,59,POINT (16.43090836987642 48.20621827575327),Donaumarina,U2,Aufzug fährt vom stadteinwärtigen Aufnahmegebäude Ausgang Wehlistraße auf den U2-Seitenbahnsteig (Fahrtrichtung 1 nach Karlsplatz),DM A02,DM A01,
AUFZUGOGD.60,60,POINT (16.430923528611864 48.206202400172856),Donaumarina,U2,Aufzug fährt vom stadteinwärtigen Aufnahmegebäude Ausgang Wehlistraße auf den U2-Seitenbahnsteig (Fahrtrichtung 1 nach Karlsplatz),DM A01,DM A01,
AUFZUGOGD.61,61,POINT (16.457735805848287 48.2209060511583),Hardeggasse,U2,Aufzug fährt vom Aufnahmgebäude Ausgang Hardeggasse auf den Mittelbahnsteig,AR A02,AR A01,
AUFZUGOGD.62,62,POINT (16.457736349738894 48.22089591439321),Hardeggasse,U2,Aufzug fährt vom Aufnahmgebäude Ausgang Hardeggasse auf den Mittelbahnsteig,AR A01,AR A01,
AUFZUGOGD.63,63,POINT (16.44074017233857 48.21204636017962),Donaustadtbrücke,U2,Aufzug fährt vom stadtauswärtigen Aufnahmegebäude Ausgang Effenbergplatz auf den U2-Seitenbahnsteig (Fahrtrichtung 2 nach Aspernstraße),DT A04, ,
AUFZUGOGD.64,64,POINT (16.440541024600194 48.212152822655014),Donaustadtbrücke,U2,Aufzug fährt vom stadtauswärtigen Aufnahmegebäude Ausgang Effenbergplatz auf den U2-Seitenbahnsteig (Fahrtrichtung 1 nach Karlsplatz),DT A03, ,
AUFZUGOGD.65,65,POINT (16.439658208370293 48.211369675044466),Donaustadtbrücke,U2,Aufzug fährt vom stadteinwärtigen Aufnahmegebäude Ausgang Neue Donau auf den U2-Seitenbahnsteig (Fahrtrichtung 2 nach Aspernstraße),DT A02, ,
AUFZUGOGD.66,66,POINT (16.43948998063467 48.21150862715795),Donaustadtbrücke,U2,Aufzug fährt vom stadteinwärtigen Aufnahmegebäude Ausgang Neue Donau auf den U2-Seitenbahnsteig (Fahrtrichtung 1 nach Karlsplatz),DT A01, ,
AUFZUGOGD.67,67,POINT (16.44078203334389 48.21226475451514),Donaustadtbrücke,U2,Aufzug fährt vom Effenbergplatz zur Passage zur Parkgarage,DT A05, ,
AUFZUGOGD.68,68,POINT (16.450356594398656 48.22013570697088),Stadlau,U2,Aufzug fährt vom stadtauswärtigen Aufnahmegebäude Ausgang Konstanziagasse auf den U2-Mittelbahnsteig,SD A04,SD A04,
AUFZUGOGD.69,69,POINT (16.450383854442883 48.22011902363461),Stadlau,U2,Aufzug fährt vom stadtauswärtigen Aufnahmegebäude Ausgang Konstanziagasse auf den U2-Mittelbahnsteig,SD A03,SD A04,
AUFZUGOGD.70,70,POINT (16.448567619679352 48.219325447687766),Stadlau,U2,Aufzug fährt vom stadteinwärtigen Aufnahmegebäude Ausgang Kaisermühlenstraße auf den ÖBB-Mittelbahnsteig und auf den U2-Mittelbahnsteig,SD A02,SD A01,
AUFZUGOGD.71,71,POINT (16.448545806914176 48.21933657378763),Stadlau,U2,Aufzug fährt vom stadteinwärtigen Aufnahmegebäude Ausgang Kaisermühlenstraße auf den ÖBB-Mittelbahnsteig und auf den U2-Mittelbahnsteig,SD A01,SD A01,
AUFZUGOGD.72,72,POINT (16.467625532857504 48.21925921574179),Donauspital,U2,Aufzug fährt vom stadtauswärtigen Aufnahmegebäude Ausgang Kapellenweg auf den Mittelbahnsteig,DP A02, ,
AUFZUGOGD.73,73,POINT (16.465352117694255 48.21959206069706),Donauspital,U2,Aufzug fährt vom stadteinwärtigen Aufnahmegebäude Ausgang Zschokkegasse auf den Mittelbahnsteig,DP A01, ,
AUFZUGOGD.74,74,POINT (16.474436598348415 48.22196584171962),Aspernstraße,U2,Aufzug fährt vom stadteinwärtigen Aufnahmegebäude Ausgang Erzherzog-Karl Straße auf den Mittelbahnsteig,AP A02, ,
AUFZUGOGD.75,75,POINT (16.47481252085769 48.22245856710159),Aspernstraße,U2,Aufzug fährt vom stadtauswärtigen Aufnahmegebäude Ausgang Aspernstraße auf den Mittelbahnsteig,AP A01, ,
AUFZUGOGD.76,76,POINT (16.38241501040019 48.219416863958635),Taborstraße,U2,Aufzug fährt vom U2-Bahnsteig in das stadtauswärtige Aufnahmegebäude Ausgang Novaragasse,TB A03,TB A02,
AUFZUGOGD.77,77,POINT (16.380464735586912 48.2191106865421),Taborstraße,U2,Aufzug fährt vom U2-Bahnsteig in das Zwischengeschoß und in das stadteinwärtige Aufnahmegebäude Ausgang Taborstraße/Obere Augartenstraße,TB A01, ,
AUFZUGOGD.78,78,POINT (16.382246510746114 48.21945500342556),Taborstraße,U2,Aufzug fährt vom U2-Bahnsteig in das stadtauswärtige Aufnahmegebäude Ausgang Novaragasse,TB A02,TB A02,
AUFZUGOGD.79,79,POINT (16.40602179723392 48.21778848915434),Messe - Prater,U2,Aufzug fährt vom stadtauswärtigen Aufnahmegebäude Ausgang Messe auf den U2-Mittelbahnsteig,MS A02, ,
AUFZUGOGD.80,80,POINT (16.403797681434153 48.217779509641204),Messe - Prater,U2,Aufzug fährt vom stadteinwärtigen Aufnahmegebäude Prater auf den U2-Mittelbahnsteig,MS A01, ,
AUFZUGOGD.81,81,POINT (16.412970155644473 48.21508893755466),Krieau,U2,Aufzug fährt vom stadteinwärtigen Aufnahmegebäude Ausgang Sturgasse auf den U2-Mittelbahnsteig,KI A01, ,
AUFZUGOGD.82,82,POINT (16.41460539247445 48.21423599188481),Krieau,U2,Aufzug fährt vom stadtauswärtigen Aufnahmegebäude Ausgang Krieau auf den U2-Mittelbahnsteig,KI A02, ,
AUFZUGOGD.83,83,POINT (16.37115493350802 48.21718100843882),Schottenring,U2,Aufzug fährt vom U2-Bahnsteig auf den U4-Mittelbahnsteig und in das Aufnahmegebäude Ausgang Schottenring,SR A02,SR A01,
AUFZUGOGD.84,84,POINT (16.37121309383655 48.21719923239829),Schottenring,U2,Aufzug fährt vom U2-Bahnsteig auf den U4-Mittelbahnsteig und in das Aufnahmegebäude Ausgang Schottenring,SR A01,SR A01,
AUFZUGOGD.85,85,POINT (16.3732585268513 48.21764052975205),Schottenring,U2,Aufzug fährt vom U2-Bahnsteig in das Zwischengeschoß Ausgang Donaukai und in das stadtauswärtige Aufnahmegebäude Ausgang Herminengasse,SR A04,SR A04,
AUFZUGOGD.86,86,POINT (16.373281777271178 48.21762339025117),Schottenring,U2,Aufzug fährt vom U2-Bahnsteig in das Zwischengeschoß Ausgang Donaukai und in das stadtauswärtige Aufnahmegebäude Ausgang Herminengasse,SR A03,SR A04,
AUFZUGOGD.87,87,POINT (16.419474333597268 48.21130521399171),Stadion,U2,Aufzug fährt vom stadteinwärtigen Aufnahmegebäude Ausgang Stella-Klein-Löw-Weg auf den U2-Bahnsteig (Fahrtrichtung 1 nach Karlsplatz),SW A01, ,
AUFZUGOGD.88,88,POINT (16.41932466771268 48.21121569742965),Stadion,U2,Aufzug fährt vom stadteinwärtigen Aufnahmegebäude Ausgang Stella-Klein-Löw-Weg auf den U2-Bahnsteig (Fahrtrichtung 2 nach Aspernstraße),SW A02, ,
AUFZUGOGD.89,89,POINT (16.420955946348975 48.21026034745155),Stadion,U2,Aufzug fährt vom stadtauswärtigen Aufnahmegebäude Ausgang Stadion auf den U2-Bahnsteig (Fahrtrichtung 1 nach Karlsplatz),SW A03, ,
AUFZUGOGD.90,90,POINT (16.420809848943126 48.21017558846001),Stadion,U2,Aufzug fährt vom stadtauswärtigen Aufnahmegebäude Ausgang Stadion auf den U2-Bahnsteig (Fahrtrichtung 2 nach Aspernstraße),SW A04, ,
AUFZUGOGD.91,91,POINT (16.413448786524196 48.191863006189884),Erdberg Station,U3,Aufzug fährt vom Mittelbahnsteig in das stadteinwärtige Aufnahmegebäude Ausgang Nottendorfer Straße,ED A03, ,
AUFZUGOGD.92,92,POINT (16.41477552605411 48.190977425845496),Erdberg Station,U3,Aufzug fährt vom Mittelbahnsteig in das stadtauswärtige Aufnahmegbeäude Ausgang Franzosengraben,ED A02, ,
AUFZUGOGD.93,93,POINT (16.41475722986832 48.19088146738738),Erdberg Station,U3,Aufzug fährt vom stadtauswärtigen Aufnahmegebäude Ausgang Erdbergstraße in das Zwischengeschoss,ED A01, ,
AUFZUGOGD.94,94,POINT (16.34488786546727 48.196919962270414),Zieglergasse,U3,Aufzug fährt vom Zwischengeschoß (West) an die Oberfläche Ausgang Schottenfeldgasse.,GZ A01, ,
AUFZUGOGD.95,95,POINT (16.34732233345054 48.19737184536121),Zieglergasse,U3,Aufzug fährt vom Gleis 2 Richtung Ottakring zu Gleis 1 Richtung Erdberg und zu Zwischengeschoß. (Ost),GZ A04, ,
AUFZUGOGD.96,96,POINT (16.347667573552254 48.197424158581065),Zieglergasse,U3,Aufzug fährt vom Zwischengeschoß (Ost) an die Oberfläche Ausgang Otto Bauer Gasse.,GZ A03, ,
AUFZUGOGD.97,97,POINT (16.345318511920777 48.19694610305823),Zieglergasse,U3,Aufzug fährt vom Gleis 2 Richtung Ottakring zu Gleis 1 Richtung Erdberg und zu Zwischengeschoß. (West),GZ A02, ,
AUFZUGOGD.98,98,POINT (16.319064000218585 48.19793697464067),Johnstraße,U3,Aufzug fährt vom Zwischengeschoß zu Zwischengeschoß Ausgang Markt und an die Oberfläche.,JO A04, ,
AUFZUGOGD.99,99,POINT (16.321628084259956 48.197526791042485),Johnstraße,U3,Aufzug fährt vom U3 Bahnsteig an die Oberfläche Ausgang Wasserwelt.,JO A02,JO A01,
AUFZUGOGD.100,100,POINT (16.319252707279553 48.19770619655688),Johnstraße,U3,Aufzug fährt vom U3 Bahnsteig ins Zwischengeschoß Aufgang Meiselmarkt.,JO A03, ,
AUFZUGOGD.101,101,POINT (16.321628084259956 48.197526791042485),Johnstraße,U3,Aufzug fährt vom U3 Bahnsteig an die Oberfläche Ausgang Wasserwelt.,JO A01,JO A01,
AUFZUGOGD.102,102,POINT (16.31102654021673 48.21029545523991),Ottakring,U3,Aufzug fährt vom Gleis 1 und 3 Richtung Erdberg an die Oberfläche Ausgang Koppstraße.,OK A04, ,
AUFZUGOGD.103,103,POINT (16.311211666228672 48.21027646043415),Ottakring,U3,Aufzug fährt vom Gleis 2 Endstation an die Oberfläche Ausgang Koppstraße.,OK A03, ,
AUFZUGOGD.104,104,POINT (16.311467344551534 48.211609002346854),Ottakring,U3,Aufzug fährt vom Gleis1 und 3 Richtung Simmering an die Oberfläche Ausgang Thaliastraße.,OK A01, ,
AUFZUGOGD.105,105,POINT (16.31162399422829 48.2115931726804),Ottakring,U3,Aufzug fährt vom Gleis 2 Endstation an die Oberfläche Ausgang Thaliastraße.,OK A02, ,
AUFZUGOGD.106,106,POINT (16.309391555188807 48.20530460155715),Kendlerstraße,U3,Aufzug fährt vom U3 Bahnsteig an die Oberfläche Ausgang Opfermanngasse.,KR A01, ,
AUFZUGOGD.107,107,POINT (16.30891763312447 48.20399738191794),Kendlerstraße,U3,Aufzug fährt vom U3 Bahnsteig an die Oberfläche Ausgang Steinbruchstraße.,KR A02,KR A02,
AUFZUGOGD.108,108,POINT (16.30891763312447 48.20399738191794),Kendlerstraße,U3,Aufzug fährt vom U3 Bahnsteig an die Oberfläche Ausgang Steinbruchstraße.,KR A03,KR A02,
AUFZUGOGD.109,109,POINT (16.412737508336203 48.18135690709401),Zippererstraße,U3,Aufzug fährt vom Bahnsteig zu Oberfläche Ausgang Eisteichstraße und zu Oberfläche Augang Hyblerpark.,PP A02, ,
AUFZUGOGD.110,110,POINT (16.41131645299583 48.17956532370636),Zippererstraße,U3,Aufzug fährt vom Bahnsteig an die Oberfläche Ausgang Zippererstraße / Simmeringer Hauptstraße.,PP A01, ,
AUFZUGOGD.111,111,POINT (16.32950213455672 48.197647689843734),Schweglerstraße,U3,Aufzug fährt vom U3 Bahnsteig zur Oberfläche Ausgang Benedikt Schellingergasse.,SH A01,SH A01,
AUFZUGOGD.112,112,POINT (16.32950213455672 48.197647689843734),Schweglerstraße,U3,Aufzug fährt vom U3 Bahnsteig zu Oberfläche Benedikt Schellingergasse  und zur Kanzlei Maschinentechnik.,SH A02,SH A01,
AUFZUGOGD.113,113,POINT (16.41436437888904 48.17493445168197),Enkplatz,U3,Aufzug fährt vom Bahnsteig an die Oberfläche Ausgang Gottschalkgasse.,EK A02,EK A03,
AUFZUGOGD.114,114,POINT (16.416115284655955 48.17381965873644),Enkplatz,U3,Aufzug fährt vom Bahnsteig an die Oberfläche Ausgang Simmeringer Hauptstraße.,EK A01, ,
AUFZUGOGD.115,115,POINT (16.41436437888904 48.17493445168197),Enkplatz,U3,Aufzug fährt vom Bahnsteig an die Oberfläche Ausgang Gottschalkgasse.,EK A03,EK A03,
AUFZUGOGD.116,116,POINT (16.311846867444274 48.19947153630806),Hütteldorfer Straße,U3,Aufzug fährt vom Bahnsteig an die Oberfläche Ausgang Hütteldorferstr./Breitenseerstraße.,HH A04,HH A04,
AUFZUGOGD.117,117,POINT (16.311846867444274 48.19947153630806),Hütteldorfer Straße,U3,Aufzug fährt vom Bahnsteig an die Oberfläche Ausgang Hütteldorferstr./Breitenseerstraße.,HH A03,HH A04,
AUFZUGOGD.118,118,POINT (16.310880798499294 48.20016771295233),Hütteldorfer Straße,U3,Aufzug fährt vom Bahnsteig an die Oberfläche Ausgang Feilplatz.,HH A02,HH A01,
AUFZUGOGD.119,119,POINT (16.310880798499294 48.20016771295233),Hütteldorfer Straße,U3,Aufzug fährt vom Bahnsteig an die Oberfläche Ausgang Feilplatz.,HH A01,HH A01,
AUFZUGOGD.120,120,POINT (16.351077540126003 48.19876815138683),Neubaugasse,U3,Aufzug fährt vom Zwischengeschoß an die Oberfläche Ausgang Neubaugasse.(West),MA A01, ,
AUFZUGOGD.121,121,POINT (16.351294656182883 48.19879429659058),Neubaugasse,U3,Aufzug fährt vom Gleis 2 Richtung Ottakring zu Gleis 1 Richtung Erdberg  und ins Zwischengeschoß Ausgang Stiftgasse/Kirchengasse.(Ost),MA A04, ,
AUFZUGOGD.122,122,POINT (16.3531278424573 48.19947218129899),Neubaugasse,U3,Aufzug fährt vom Gleis 2 Richtung Ottakring zu Gleis 1 Richtung Erdberg und in das Zwischengeschoß Ausgang Neubaugasse/Amerlingstr. (West),MA A02, ,
AUFZUGOGD.123,123,POINT (16.354781927552548 48.20014530771839),Neubaugasse,U3,Aufzug fährt vom Zwischengeschoß an die Oberfläche Ausgang Kirchengasse.(Ost),MA A03, ,
AUFZUGOGD.124,124,POINT (16.339499447478886 48.195964505477825),Westbahnhof,U3,Aufzug fährt vom U3 Bahnsteig zu Zwischengeschoß (Stationswart)  und zum U6 Bahnsteig.,WS A04,WS A05,
AUFZUGOGD.125,125,POINT (16.336977334653994 48.19588047964918),Westbahnhof,U3,Aufzug fährt vom U3 Bahnsteig an die Oberfläche Ausgang Gerstnergasse (Äusere Mariahilferstraße).,WS A12,WS A11,
AUFZUGOGD.126,126,POINT (16.338491063379212 48.19568375650539),Westbahnhof,U3,Aufzug fährt vom Zwischengeschoß (Stationsw.) an die Oberfläche Äußere Mariahilferstraße. (Niedermeyer),WS A10, ,
AUFZUGOGD.127,127,POINT (16.339499447478886 48.195964505477825),Westbahnhof,U3,Aufzug fährt vom U3 Bahnsteig zu Zwischengeschoß (Stationswart)  und zum U6 Bahnsteig.,WS A03,WS A05,
AUFZUGOGD.128,128,POINT (16.336977334653994 48.19588047964918),Westbahnhof,U3,Aufzug fährt vom U3 Bahnsteig an die Oberfläche Ausgang Gerstnergasse (Äusere Mariahilferstraße).,WS A11,WS A11,
AUFZUGOGD.129,129,POINT (16.339103287403965 48.19713679138028),Westbahnhof,U3,Aufzug fährt vom U6 Bahnsteig an die Oberfläche Westbahnhof.,WS A01,WS A01,
AUFZUGOGD.130,130,POINT (16.34023260349136 48.19611517924296),Westbahnhof,U3,Aufzug fährt vom Zwischengeschoß (Stationswart) zu Zwischengeschoß (Toilette) und an die Oberfläche (Innere Mariahilferstraße),WS A07,WS A06,
AUFZUGOGD.131,131,POINT (16.34023260349136 48.19611517924296),Westbahnhof,U3,Aufzug fährt vom Zwischengeschoß (Stationswart) zu Zwischengeschoß (Toilette) und an die Oberfläche (Innere Mariahilferstraße),WS A06,WS A06,
AUFZUGOGD.132,132,POINT (16.339103287403965 48.19713679138028),Westbahnhof,U3,Aufzug fährt vom U6 Bahnsteig an die Oberfläche Westbahnhof.,WS A02,WS A01,
AUFZUGOGD.133,133,POINT (16.339499447478886 48.195964505477825),Westbahnhof,U3,Aufzug fährt vom U3 Bahnsteig zu Zwischengeschoß (Stationswart)  und zum U6 Bahnsteig.,WS A05,WS A05,
AUFZUGOGD.134,134,POINT (16.357662806216425 48.204725552663064),Volkstheater,U3,Aufzug fährt vom Bahnsteig der Linie U2 (Richtung Karlsplatz) an die Oberfläche Ausgang Burggasse.,VT A01, ,
AUFZUGOGD.135,135,POINT (16.360370630774526 48.20662269796921),Volkstheater,U3,Aufzug fährt vom Zwischengeschoß an die Oberfläche Ausgang Volksgarten.,VT A06, ,
AUFZUGOGD.136,136,POINT (16.358431093330477 48.2050320363192),Volkstheater,U3,Aufzug fährt vom Bahnsteig der Linie U3 zu dem Bahnsteig der Linie U2 (Richtung Schottenring) Ausgang Bellariastraße.,VT A03, ,
AUFZUGOGD.137,137,POINT (16.359352200082977 48.20583134715459),Volkstheater,U3,Aufzug fährt vom Bahnsteig der Linie U3 ins Zwischengeschoß Aufgang Ring.,VT A04, ,
AUFZUGOGD.138,138,POINT (16.358162835580845 48.20479246758275),Volkstheater,U3,Aufzug fährt vom Bahnsteig der Linie U3 auf den Bahnsteig der Linie  U2 (Richtung Karlsplatz) Ausgang Burggasse.,VT A02, ,
AUFZUGOGD.139,139,POINT (16.359974286421387 48.206552984158265),Volkstheater,U3,Aufzug fährt vom Zwischengeschoß an die Oberfläche Ausgang Dr.Karl Renner Ring.,VT A05, ,
AUFZUGOGD.140,140,POINT (16.384455266708642 48.20573994433977),Landstraße,U3,Aufzug fährt vom Zwischengeschoß auf den ÖBB-Bahnsteig (Richtung  Wien Floridsdorf),LA A05, ,
AUFZUGOGD.141,141,POINT (16.385064386391857 48.20593543544871),Landstraße,U3,Aufzug fährt vom U3-Mittelbahnsteig in das Zwischengeschoß.,LA A03, ,
AUFZUGOGD.142,142,POINT (16.384553502924156 48.205729750536186),Landstraße,U3,Aufzug fährt vom Zwischengeschoß auf den ÖBB-Bahnsteig (Richtung Wien Meidling und Flughafen),LA A04, ,
AUFZUGOGD.143,143,POINT (16.385323592519764 48.206001631373994),Landstraße,U3,Aufzug fährt vom vom Zwischengeschoß in das Aufnahmegebäude Ausgang Markt/Landstr.Hauptstr. und in das obere Stockwerk des Marktes,LA A02, ,
AUFZUGOGD.144,144,POINT (16.39327135826162 48.20154632512335),Rochusgasse,U3,Aufzug fährt vom Mittelbahnsteig in das Aufnahmegebäude Ausgang Rochusmarkt,RG A02, ,
AUFZUGOGD.145,145,POINT (16.39134447540465 48.20256170579309),Rochusgasse,U3,Aufzug fährt vom Mittelbahnsteig in das Aufnahmegebäude Ausgang Hainburger Straße,RG A01, ,
AUFZUGOGD.146,146,POINT (16.417696409991123 48.18529069552349),Gasometer,U3,Aufzug fährt vom Bahnsteig der Linie U3 Gleis 2 an die Oberfläche Ausgang Modecenterstraße/Gasometer,AW A02, ,
AUFZUGOGD.147,147,POINT (16.417508708923965 48.1853479355839),Gasometer,U3,Aufzug fährt vom Bahnsteig der Linie U3 Gleis 1 an die Oberfläche Ausgang Modecenterstraße/Gasometer.,AW A01, ,
AUFZUGOGD.148,148,POINT (16.38011364805954 48.20705736463163),Stubentor,U3,Aufzug fährt vom Seitenbahnsteig (Fahrtrichtung 2 nach Ottakring) auf den Seitenbahnsteig (Fahrtrichtung 1 nach Simmering) und in das Aufnahmegebäude Ausgang Parkring,SE A03,SE A01,
AUFZUGOGD.149,149,POINT (16.380029330081427 48.20697411558125),Stubentor,U3,Aufzug fährt vom Seitenbahnsteig (Fahrtrichtung 2 nach Ottakring) auf den Seitenbahnsteig (Fahrtrichtung 1 nach Simmering) und in das Aufnahmegebäude Ausgang Parkring,SE A01,SE A01,
AUFZUGOGD.150,150,POINT (16.380075643322836 48.20701692787155),Stubentor,U3,Aufzug fährt vom Seitenbahnsteig (Fahrtrichtung 2 nach Ottakring) auf den Seitenbahnsteig (Fahrtrichtung 1 nach Simmering) und in das Aufnahmegebäude Ausgang Parkring,SE A02,SE A01,
AUFZUGOGD.151,151,POINT (16.40742958509624 48.19411928876646),Schlachthausgasse,U3,Aufzug fährt vom Mittelbahnsteig in das Zwischengeschoß und in das stadtauswärtige Aufnahmegebäude Ausgang Markhofgasse,SG A01, ,
AUFZUGOGD.152,152,POINT (16.40583378908625 48.19480475616051),Schlachthausgasse,U3,Aufzug fährt vom Mittelbahnsteig in das stadteinwärtige Aufnahmegebäude Ausgang Schlachthausgasse und Hainburger Weg Niveau +1,SG A02, ,
AUFZUGOGD.153,153,POINT (16.42132772001822 48.16929286496893),Simmering,U3,Aufzug fährt vom Bahnsteig der Linie U3 in das Zwischengeschoß Ausgang Kaiserebersdorferstraße / Strachegasse.,SA A03, ,
AUFZUGOGD.154,154,POINT (16.41989700537717 48.17028267359511),Simmering,U3,Aufzug fährt vom Bahnsteig der Linie U3 an die Oberfläche Ausgang Simmeringer Hauptstraße und auf den ÖBB Bahnsteig.,SA A02,SA A01,
AUFZUGOGD.155,155,POINT (16.421113751436717 48.16896509132615),Simmering,U3,Aufzug fährt vom Zwischengeschoß an die Oberfläche Ausgang Strachegasse.,SA A04, ,
AUFZUGOGD.156,156,POINT (16.41989700537717 48.17028267359511),Simmering,U3,Aufzug fährt vom U3 Bahnsteig der Linie U3 an die Oberfläche Ausgang Simmeringer Hauptstraße und auf den ÖBB Bahnsteig.,SA A01,SA A01,
AUFZUGOGD.157,157,POINT (16.364594212424212 48.209183594581916),Herrengasse,U3,Aufzug fährt vom Bahnsteig der Linie U3 ins Zwischengeschoß Aufgang Minoritenplatz.,HZ A03,HZ A02,
AUFZUGOGD.158,158,POINT (16.366234001409154 48.20959243990264),Herrengasse,U3,Aufzug fährt vom Zwischengeschoß an die Oberfläche Ausgang Herrengasse,HZ A01, ,
AUFZUGOGD.159,159,POINT (16.364594212424212 48.209183594581916),Herrengasse,U3,Aufzug fährt vom Bahnsteig der Linie U3 ins Zwischengeschoß Aufgang Minoritenplatz.,HZ A02,HZ A02,
AUFZUGOGD.160,160,POINT (16.399124027656335 48.19800851569749),Kardinal-Nagl-Platz,U3,Aufzug fährt vom Mittelbahnsteig in das stadteinwärtige Aufnahmgebäude Ausgang Keinergasse,KN A01, ,
AUFZUGOGD.161,161,POINT (16.384471660923374 48.20626468413456),Landstraße,U3,Aufzug fährt vom Zwischengeschoß auf den U4-Mittelbahnsteig und in das Aufnahmegebäude der ÖBB,LA A01, ,
AUFZUGOGD.162,162,POINT (16.26080784633457 48.19698403530939),Hütteldorf,U4,Aufzug fährt von der Passage auf den U4 Bahnsteig.,HF A01, ,
AUFZUGOGD.163,163,POINT (16.353963459733183 48.19174788822377),Pilgramgasse,U4,Aufzug fährt vom Bahnsteig der Linie U4 Gleis 2 Richtung Hütteldorf an die Oberfläche.,PG A02, ,
AUFZUGOGD.164,164,POINT (16.35412713878891 48.19169392766959),Pilgramgasse,U4,Aufzug fährt vom Bahnsteig der Linie U4 Gleis 1 Richtung Heiligenstadt an die Oberfläche.,PG A01, ,
AUFZUGOGD.165,165,POINT (16.31844516457906 48.18624981562828),Schönbrunn,U4,Aufzug fährt vom Bahnsteig der Linie U4 Gleis 1 Richtung Heiligenstadt an die Oberfläche.,SB A01, ,
AUFZUGOGD.166,166,POINT (16.318378784071527 48.18613083244542),Schönbrunn,U4,Aufzug fährt vom Bahnsteig der Linie U4 Gleis 2 Richtung Hütteldorf an die Oberfläche.,SB A02, ,
AUFZUGOGD.167,167,POINT (16.3634016941589 48.228425479639036),Friedensbrücke,U4,Aufzug fährt vom Mittelbahnsteigende in das stadtauswärtige Aufnahmegebäude Ausgang Gussenbauergasse.,FB A01, ,
AUFZUGOGD.168,168,POINT (16.343505283443186 48.18858437164356),Margaretengürtel,U4,Aufzug fährt vom Bahnsteig Gleis 2 Richtung Hütteldorf an die Oberfläche.,MG A02, ,
AUFZUGOGD.169,169,POINT (16.343521871234085 48.18846063931396),Margaretengürtel,U4,Aufzug fährt vom Bahnsteig Gleis 1 Richtung Heiligenstadt an die Oberfläche.,MG A01, ,
AUFZUGOGD.170,170,POINT (16.329080029914213 48.1836470377062),Meidlinger Hauptstraße,U4,Aufzug fährt vom Mittelbahnsteig an die Oberfläche Meidlinger Hauptstraße/Lobkowitzbrücke.,MH A01, ,
AUFZUGOGD.171,171,POINT (16.27693689930228 48.19221156058287),Ober St.Veit,U4,Aufzug fährt vom Bahnsteig der Linie U4 Gleis 2 Richtung Hütteldorf an die Oberfläche.,OV A02, ,
AUFZUGOGD.172,172,POINT (16.276925161686243 48.192103685573386),Ober St.Veit,U4,Aufzug fährt vom Bahnsteig der Linie U4 Gleis 1 Richtung Heiligenstadt an die Oberfläche.,OV A01, ,
AUFZUGOGD.173,173,POINT (16.36902695344884 48.20049695855359),Karlsplatz,U4,Aufzug fährt vom U4 Bahnsteig in die Karlsplatzpassage.,KP A05, ,
AUFZUGOGD.174,174,POINT (16.365819352391544 48.24861276408135),Heiligenstadt,U4,"Aufzug fährt von der Passage auf den Mittelbahnsteig (Gleis 2, Gleis 4; Fahrtrichtung 2 nach Hütteldorf) und ÖBB-Seitenbahnsteig",HS A02, ,
AUFZUGOGD.175,175,POINT (16.365985123743126 48.24859907939056),Heiligenstadt,U4,"Aufzug fährt von der Passage auf den Mittelbahnsteig (Gleis 1, Gleis 3; Fahrtrichtung 1 nach Heiligenstadt)",HS A01, ,
AUFZUGOGD.176,176,POINT (16.380078467434615 48.2032557946088),Stadtpark,U4,Aufzug fährt vom Bahnsteig der Linie U4 Gleis 1 Richtung Heiligenstadt an die Oberfläche.,ST A01, ,
AUFZUGOGD.177,177,POINT (16.38028241954886 48.20311294951049),Stadtpark,U4,Aufzug fährt vom Bahnsteig der Linie U4 Gleis 2 Richtung Hütteldorf an die Oberfläche.,ST A02, ,
AUFZUGOGD.178,178,POINT (16.367456994048254 48.22266906315436),Roßauer Lände,U4,"Aufzug fährt vom Seitenbahnsteigende (Gleis 2, Fahrtrichtung 2 nach Hütteldorf) in das stadtauswärtige Aufnahmegebäude Ausgang Seegasse",RL A02, ,
AUFZUGOGD.179,179,POINT (16.36761010217181 48.22266029697107),Roßauer Lände,U4,"Aufzug fährt vom Seitenbahnsteigende (Gleis 1, Fahrtrichtung 1 nach Heiligenstadt) in das stadtauswärtige Aufnahmegebäude Ausgang Seegasse",RL A01, ,
AUFZUGOGD.180,180,POINT (16.304457967418035 48.18752379538904),Hietzing,U4,Aufzug fährt vom Bahnsteig der Linie U4 Gleis 1 Richtung Heiligenstadt an die Oberfläche Kennedybrücke.,HI A01, ,
AUFZUGOGD.181,181,POINT (16.3045148146385 48.18766657820208),Hietzing,U4,Aufzug fährt vom Bahnsteig der Linie U4 Gleis 2 Richtung Hütteldorf an die Oberfläche Kennedybrücke.,HI A02, ,
AUFZUGOGD.182,182,POINT (16.370792367827224 48.20052499200522),Karlsplatz,U4,Aufzug führt von Passage Karlsplatz zur Oberfläche - Ausgang Künstlerhaus.,KP A08, ,
AUFZUGOGD.183,183,POINT (16.2865393253579 48.19109934195591),Unter St.Veit,U4,Aufzug fährt vom Bahnsteig der Linie U4 Gleis 2 an die Oberfläche.,UV A02, ,
AUFZUGOGD.184,184,POINT (16.286494382469005 48.19096131377255),Unter St.Veit,U4,Aufzug fährt vom Bahnsteig der Linie U4 Gleis 1 an die Oberfläche.,UV A01, ,
AUFZUGOGD.185,185,POINT (16.357536007719705 48.19659342061164),Kettenbrückengasse,U4,Aufzug fährt vom Bahnsteig der Linie U4 Gleis 2 Richtung Hütteldorf an die Oberfläche.,KG A02, ,
AUFZUGOGD.186,186,POINT (16.35759052923731 48.19647285212914),Kettenbrückengasse,U4,Aufzug fährt vom Bahnsteig der Linie U4 Gleis 1 Richtung Heiligenstadt an die Oberfläche.,KG A01, ,
AUFZUGOGD.187,187,POINT (16.295083493906827 48.18960682222277),Braunschweiggasse,U4,Aufzug fährt vom Bahnsteig der Linie U4 Gleis 2 an die Oberfläche Steg/Rampe.,BR A02, ,
AUFZUGOGD.188,188,POINT (16.295038562682603 48.189516387601934),Braunschweiggasse,U4,Aufzug fährt vom Bahnsteig der Linie U4 Gleis 1 an die Oberfläche Steg/Rampe.,BR A01, ,
AUFZUGOGD.189,189,POINT (16.379214798412143 48.236822886055556),Dresdner Straße,U6,Aufzug fährt vom Mittelbahnsteig in das stadteinwärtige Aufnahmegebäude Ausgang Dresdner Straße,DS A02, ,
AUFZUGOGD.190,190,POINT (16.381011859971608 48.2376613429042),Dresdner Straße,U6,Aufzug fährt vom Mittelbahnsteig in das stadtauswärtige Aufnahmegebäude Ausgang Pasettistraße,DS A01, ,
AUFZUGOGD.191,191,POINT (16.3847498270374 48.24184127324),Handelskai,U6,Aufzug fährt vom stadteinwärtigen Aufnahmegebäude Ausgang Engerthstraße auf den ÖBB-Bahnsteig (Richtung Wien Floridsdorf),HK A05, ,
AUFZUGOGD.192,192,POINT (16.385162695704356 48.241486562578785),Handelskai,U6,Aufzug fährt vom stadteinwärtigen Aufnahmegebäude Ausgang Engerthstraße auf den U6-Bahnsteig (Fahrtrichtung 1 nach Floridsdorf),HK A08, ,
AUFZUGOGD.193,193,POINT (16.384915901041374 48.24167464292078),Handelskai,U6,Aufzug fährt vom stadteinwärtigen Aufnahmegebäude Ausgang Engerthstraße auf den ÖBB-Bahnsteig (Richtung Wien Meidling und Flughafen),HK A06, ,
AUFZUGOGD.194,194,POINT (16.386012247200572 48.242084226766565),Handelskai,U6,Aufzug fährt vom ÖBB-Mittelbahnsteig (S45) auf den U6-Bahnsteig (Fahrtrichtung 2 nach Siebenhirten),HK A03, ,
AUFZUGOGD.195,195,POINT (16.384994246699954 48.24165160788379),Handelskai,U6,Aufzug fährt vom stadteinwärtigen Aufnahmegebäude Ausgang Engerthstraße auf den U6-Bahnsteig (Fahrtrichtung 2 nach Siebenhirten),HK A07, ,
AUFZUGOGD.196,196,POINT (16.386153435356366 48.24197153904224),Handelskai,U6,Aufzug fährt vom ÖBB-Mittelbahnsteig (S45) auf den U6-Bahnsteig (Fahrtrichtung 1 nach Floridsdorf),HK A04, ,
AUFZUGOGD.197,197,POINT (16.385920890748274 48.242158822121674),Handelskai,U6,Aufzug fährt vom ÖBB-Mittelbahnsteig (S45) auf den ÖBB-Seitenbahnsteig (Richtung Wien Meidling und Flughafen),HK A02, ,
AUFZUGOGD.198,198,POINT (16.385767886888537 48.2423333792636),Handelskai,U6,Aufzug fährt vom ÖBB-Mittelbahnsteig (S45) auf den ÖBB-Seitenbahnsteig (Richtung Wien Floridsdorf),HK A01, ,
AUFZUGOGD.199,199,POINT (16.36975127652548 48.235231036090866),Jägerstraße,U6,Aufzug fährt vom Mittelbahnsteig in das stadtauswärtige Aufnahmegebäude Ausgang Jägerstraße,JG A01, ,
AUFZUGOGD.200,200,POINT (16.367673606627378 48.235188796479456),Jägerstraße,U6,Aufzug fährt vom Mittelbahnsteig in das stadteinwärtige Aufnahmegebäude Ausgang Leipziger Platz,JG A02, ,
AUFZUGOGD.201,201,POINT (16.33134132474351 48.17325479452556),Philadelphiabrücke,U6,Aufzug fährt vom Bahnsteig der Linie U6 ins Zwischengeschoß (Zugang zur ÖBB) und an die Oberfläche Ausgang Schedifkaplatz.,PH A02, ,
AUFZUGOGD.202,202,POINT (16.331507199568133 48.17479431550653),Philadelphiabrücke,U6,Aufzug fährt vom Zwischengeschoß auf die Oberfläche Ausgang Wilhelmstraße.,PH A01, ,
AUFZUGOGD.203,203,POINT (16.394487773845363 48.24623867956615),neue Donau,U6,Aufzug fährt vom Aufnahmegebäude Ausgang Neue Donau auf den Bahnsteig (Fahrtrichtung 2 nach Siebenhirten),ND A02, ,
AUFZUGOGD.204,204,POINT (16.39470375382671 48.24611483149317),neue Donau,U6,Aufzug fährt vom Aufnahmegebäude Ausgang Neue Donau auf den Bahnsteig (Fahrtrichtung 1 nach Floridsdorf),ND A01, ,
AUFZUGOGD.205,205,POINT (16.40045319062906 48.25625842737792),Floridsdorf,U6,Aufzug fährt vom U6-Mittelbahnsteig in die Passage und auf den ÖBB-Bahnsteig (Richtung Flughafen),FL A01, ,
AUFZUGOGD.206,206,POINT (16.400485250547185 48.256251271592404),Floridsdorf,U6,Aufzug fährt vom U6-Mittelbahnsteig in die Passage und auf den ÖBB-Bahnsteig (Richtung Flughafen),FL A02, ,
AUFZUGOGD.207,207,POINT (16.334369951193338 48.18441691035869),Längenfeldgasse,U6,Aufzug fährt vom Bahnsteig der Linie U6 Gleis 1 Richtung Floridsdorf / der Linie U4 Gleis 2 Heiligenstadt an die Oberfläche.,LE A01, ,
AUFZUGOGD.208,208,POINT (16.33428811156272 48.18448353446112),Längenfeldgasse,U6,Aufzug fährt vom Bahnsteig der Linie U6 Gleis 2 Richtung Siebenhirten / der Linie U4 Gleis 2 Hütteldorf an die Oberfläche,LE A02, ,
AUFZUGOGD.209,209,POINT (16.33106671177519 48.180420125240616),Niederhofstraße,U6,Aufzug fährt vom U6 Bahnsteig ins Zwischengeschoß (Telefon) und an die Oberfläche Ausgang Vivenotgasse.,NH A02,NH A01,
AUFZUGOGD.210,210,POINT (16.33106671177519 48.180420125240616),Niederhofstraße,U6,Aufzug fährt vom U6 Bahnsteig ins Zwischengeschoß (Telefon) und an die Oberfläche Ausgang Vivenotgasse.,NH A01,NH A01,
AUFZUGOGD.211,211,POINT (16.337698214795296 48.190788290391225),Gumpendorferstraße,U6,Aufzug fährt von Ausgang auf Bahnsteig der Linie U6 Gleis 1 Richtung Floridsdorf.,GU A01, ,
AUFZUGOGD.212,212,POINT (16.337368450686725 48.190777983931),Gumpendorferstraße,U6,Aufzug fährt von Ausgang auf Bahnsteig der Linie U6 Gleis 2 Richtung Siebenhirten.,GU A02, ,
AUFZUGOGD.213,213,POINT (16.316693233936423 48.151154403530136),Alt-Erlaa,U6,Aufzug fährt von Ausgang Anton Baumgartner Straße zu Zwischengeschoß Passage und auf Bahnsteig der Linie U6 Gleis 2 Richtung Siebenhirten.,AE A02, ,
AUFZUGOGD.214,214,POINT (16.317063017312694 48.15121395208298),Alt-Erlaa,U6,Aufzug fährt von Ausgang Anton Baumgartner Straße zu Bahnsteig der Linie U6 Gleis 1 Richtung Floridsdorf.,AE A01, ,
AUFZUGOGD.215,215,POINT (16.316421820659368 48.14178718077317),Erlaaer Straße,U6,Aufzug fährt von Ausgang auf Bahnsteig der Linie U6 Gleis 2 Richtung Siebenhirten.,ES A02, ,
AUFZUGOGD.216,216,POINT (16.31662446924953 48.141780825482165),Erlaaer Straße,U6,Aufzug fährt von Ausgang auf Bahnsteig der Linie U6 Gleis 1 Richtung Floridsdorf.,ES A01, ,
AUFZUGOGD.217,217,POINT (16.309590048286868 48.12996775875971),Siebenhirten,U6,Aufzug fährt von Ausgang auf Bahnsteig der Linie U6 Gleis 2 Endstation.,HT A02, ,
AUFZUGOGD.218,218,POINT (16.309795031039535 48.12994163167597),Siebenhirten,U6,Aufzug fährt von Ausgang auf Bahnsteig der Linie U6 Gleis 1 Richtung Floridsdorf.,HT A01, ,
AUFZUGOGD.219,219,POINT (16.3132460417518 48.13650622812418),Perfektastraße,U6,Aufzug fährt von Ausgang auf Bahnsteig der Linie U6 Gleis 1 Richtung Floridsdorf.,PF A01, ,
AUFZUGOGD.220,220,POINT (16.313066861618903 48.13654211162658),Perfektastraße,U6,Aufzug fährt von Ausgang auf Bahnsteig der Linie U6 Gleis 2 Richtung Siebenhirten.,PF A02, ,
AUFZUGOGD.221,221,POINT (16.341654641626157 48.21673363735749),Alser Straße,U6,Aufzug fährt vom Ausgang zu Bahnsteig der Linie U6 Gleis 2 Fahrtrichtung Siebenhirten.,AS A02, ,
AUFZUGOGD.222,222,POINT (16.34200357292806 48.21685100578695),Alser Straße,U6,Aufzug fährt vom Ausgang zu Bahnsteig der Linie U6 Gleis 1 Fahrtrichtung Floridsdorf.,AS A01, ,
AUFZUGOGD.223,223,POINT (16.352288225142225 48.23136537173972),Nußdorfer Straße,U6,Aufzug fährt vom Ausgang zu Bahnsteig der Linie U6 Gleis 1 Richtung Floridsdorf.,NS A01, ,
AUFZUGOGD.224,224,POINT (16.352605163415866 48.23128204556419),Nußdorfer Straße,U6,Aufzug fährt vom Ausgang zu Bahnsteig der Linie U6 Gleis 2 Richtung Siebenhirten.,NS A02, ,
AUFZUGOGD.225,225,POINT (16.327859935540634 48.165181097468164),Tscherttegasse,U6,Aufzug fährt vom Bahnsteig der Linie U6 Gleis 2 Richtung Siebenhirten zum Ausgang Tschertegasse.,TE A01, ,
AUFZUGOGD.226,226,POINT (16.337342653370403 48.202697433657505),Burggasse,U6,Aufzug fährt vom Bahnsteig der Linie U6 Gleis 1 Richtung Floridsdorf an die Oberfläche.,BU A01, ,
AUFZUGOGD.227,227,POINT (16.33716705612467 48.20268871120575),Burggasse,U6,Aufzug fährt vom Bahnsteig der Linie U6 Gleis 2 Richtung Siebenhirten an die Oberfläche.,BU A02, ,
AUFZUGOGD.228,228,POINT (16.35805126432276 48.23544246763846),Spittelau,U6,Aufzug fährt vom ÖBB-Mittelbahnsteig über Zwischengeschoss auf den U6-Bahnsteig (Fahrtrichtung 1 nach Floridsdorf),AU A04, ,
AUFZUGOGD.229,229,POINT (16.358424087479204 48.23551933016126),Spittelau,U6,Aufzug fährt vom U4-Mittelbahnsteig über Zwischengeschoss auf den U6-Bahnsteig (Fahrtrichtung 1 nach Floridsdorf),AU A02, ,
AUFZUGOGD.230,230,POINT (16.35840280781409 48.23572713864721),Spittelau,U6,Aufzug fährt vom U4-Mittelbahnsteig über Zwischengeschoss auf den U6-Bahnsteig (Fahrtrichtung 2 nach Siebenhirten),AU A03, ,
AUFZUGOGD.231,231,POINT (16.358837758303594 48.2340019639982),Spittelau,U6,Aufzug fährt vom U4-Mittelbahnsteig in das stadteinwärtige Aufnahmegebäude Ausgang Verkehrsamt,AU A01, ,
AUFZUGOGD.232,232,POINT (16.358095305725556 48.235707369053905),Spittelau,U6,Aufzug fährt vom ÖBB-Mittelbahnsteig über Zwischengeschoss auf den U6-Bahnsteig (Fahrtrichtung 2 nach Siebenhirten),AU A05, ,
AUFZUGOGD.233,233,POINT (16.357235764801626 48.235752740021056),Spittelau,U6,Aufzug fährt vom Aufnahmegebäude Ausgang Heiligenstädter Straße in das Zwischengeschoss,AU A06, ,
AUFZUGOGD.234,234,POINT (16.339018455481675 48.21139030464879),Josefstädter Straße,U6,Aufzug fährt von Ausgang zu Bahnsteig der Linie U6 Gleis 2 Richtung Siebenhirten.,JS A02, ,
AUFZUGOGD.235,235,POINT (16.339290211862817 48.21152196004926),Josefstädter Straße,U6,Aufzug fährt vom Ausgang zu Bahnsteig der Linie U6 Gleis 1 Richtung Floridsdorf.,JS A01, ,
AUFZUGOGD.236,236,POINT (16.349336834698704 48.225489339063316),Währinger Straße - Volksoper,U6,Aufzug fährt vom Ausgang zu Bahnsteig der Linie U6 Gleis 2 Richtung Siebenhirten.,WA A02, ,
AUFZUGOGD.237,237,POINT (16.34962752709254 48.22564317519956),Währinger Straße - Volksoper,U6,Aufzug fährt vom Ausgang zu Bahnsteig der Linie U6 Gleis 1 Richtung Floridsdorf.,WA A01, ,
AUFZUGOGD.238,238,POINT (16.343936316348255 48.22097119486575),Michelbeuern - Allgemeines Krankhaus,U6,Aufzug fährt vom Mittelbahnsteig in die Passage zum AKH oder über den Gürtel.,MB A02,MB A01,
AUFZUGOGD.239,239,POINT (16.343936316348255 48.22097119486575),Michelbeuern - Allgemeines Krankhaus,U6,Aufzug fährt vom Mittelbahnsteig in die Passage zum AKH oder über den Gürtel.,MB A01,MB A01,
AUFZUGOGD.240,240,POINT (16.32443679185624 48.161230895224435),Am Schöpfwerk,U6,Aufzug fährt von Ausgang auf Bahnsteig der Linie U6 Gleis 2 Richtung Siebenhirten.,PW A02, ,
AUFZUGOGD.241,241,POINT (16.324647828108848 48.161172222805256),Am Schöpfwerk,U6,Aufzug fährt von Ausgang auf Bahnsteig der Linie U6 Gleis 1 Richtung Floridsdorf.,PW A01, ,
AUFZUGOGD.242,242,POINT (16.359628628386062 48.17989052795749),Matzleinsdorferplatz,USTR,"Aufzug fährt vom Bahnsteig der Linien 1, 6 Richtung Prater Hauptallee (1), Burggasse (6) an die Oberfläche Ausgang Evangelischer Friedhof.",MP A04, ,
AUFZUGOGD.243,243,POINT (16.359009871338372 48.18057910943928),Matzleinsdorferplatz,USTR,"Aufzug fährt vom unteren Durchgang zu Bahnsteig der Linen 6, 18, 62 WLB Richtung Zentralfriedhof (6), Schlachthausgasse (18), Kärntner Ring - Oper (61, WLB) und an die Oberfläche(Bushaltestelle).",MP A06, ,
AUFZUGOGD.244,244,POINT (16.358665895152544 48.18047289483871),Matzleinsdorferplatz,USTR,"Aufzug fährt vom Bahnsteig der Linien 6, 18, 62 WLB Richtung Zentralfriedhof (6), Schlachthausgasse (18), Kärntner Ring - Oper (61, WLB) an die Oberfläche (Anker).",MP A03, ,
AUFZUGOGD.245,245,POINT (16.360056152923562 48.181140446777455),Matzleinsdorferplatz,USTR,"Aufzug fährt vom Bahnsteig Linien 1, 18, 62, WLB Richtung Stefan Fadinger Platz (1), Burggasse (18), Lainz (62), Baden (WLB) an die Oberfläche.",MP A01, ,
AUFZUGOGD.246,246,POINT (16.374424247142148 48.185909733139745),Südtirolerplatz,USTR,Aufzug fährt von Passage zu Bahnsteig der Schenllbahn Gl. 1/Bahnsteig der Linie 18 Richtung Schlachthausgasse und zur Oberfläche bei Staßenbahnhaltestelle der Linie O.,SL A05, ,
AUFZUGOGD.247,247,POINT (16.373249810343022 48.18561744674846),Südtirolerplatz,USTR,Aufzug fährt vom Bahnsteig der Linie 18 Richtung Schlachthausgasse zur Oberfläche Ausgang Laxenburgerstraße.,SL A08, ,
AUFZUGOGD.248,248,POINT (16.37507556475313 48.186116525941486),Südtirolerplatz,USTR,Aufzug fährt von Passage zu Bahnsteig der Schenllbahn Gl. 1 und zur Oberfläche bei Staßenbahnhaltestelle der Linie O.,SL A06, ,
AUFZUGOGD.249,249,POINT (16.374001773067725 48.186031225086225),Südtirolerplatz,USTR,Aufzug fährt von Passage zu Bahnsteig der Linie 18 Richtung Burggasse,SL A04, ,
AUFZUGOGD.250,250,POINT (16.368213651517173 48.18437086264047),Blechturmgasse,USTR,Aufzug fährt vom Bahnsteig Linie 18 Richtung Burggasse an die Oberfläche Ausgang Innerer Wiedner Gürtel.,BL A02, ,
AUFZUGOGD.251,251,POINT (16.368474451860063 48.184162984068976),Blechturmgasse,USTR,Aufzug fährt vom Bahnsteig Linie 18 Richtung Schlachthausgasse an die Oberfläche Ausgang Äußerer Wiedner Gürtel (Mazda).,BL A01, ,
AUFZUGOGD.252,252,POINT (16.349404768599193 48.18060838661937),Eichenstraße,USTR,"Aufzug fährt vom Bahnsteig der Linien 6,18,62, WLB Fahrtrichtung Burggasse (6,18), Lainz (62), Baden (WLB) an die Oberfläche.",EI A02, ,
AUFZUGOGD.253,253,POINT (16.34938577070297 48.18052114199551),Eichenstraße,USTR,"Aufzug fährt vom Bahnsteig der Linien 6,18,62, WLB Fahrtrichtung Zentralfriedhof (6), Schlachthausgasse (18), Kärnter Ring - Oper (62, WLB) an die Oberfläche.",EI A01, ,
AUFZUGOGD.254,254,POINT (16.362775642783117 48.18579802414694),Laurenzgasse,USTR,"Aufzug fährt vom Bahnsteig der Linien 1, 62, WLB Richtung Stefan Fadinger Platz (1), Lainz (62), Baden (WLB) an die Oberfläche.",LG A02, ,
AUFZUGOGD.255,255,POINT (16.362989097072152 48.18572024509572),Laurenzgasse,USTR,"Aufzug fährt vom Bahnsteig der Linien 1, 62, WLB Richtung Prater Hauptallee (1), Kärnter Ring Oper (62, WLB) an die Oberfläche.",LG A01, ,
AUFZUGOGD.256,256,POINT (16.364505563046098 48.18261707315325),Kliebergasse,USTR,"Aufzug fährt vom Bahnsteig der Linien 1,18,62, WLB Richtung Prater Hauptallee (1), Schlachthausgasse (18), Kärnter Ring - Oper (62, WLB) zur Oberfläche Ausgang Landgutgasse (10. Bezirk).",KL A03, ,
AUFZUGOGD.257,257,POINT (16.364388404453383 48.18308109542662),Kliebergasse,USTR,Aufzug fährt vom Bahnsteig Linie 18 Richtung Burggasse an die Oberfläche Ausgang Kliebergasse (5. Bezirk).,KL A02, ,
AUFZUGOGD.258,258,POINT (16.364064067814777 48.182937931859534),Kliebergasse,USTR,"Aufzug fährt vom Bahnsteig der Linien 1, 62, WLB Richtung Stefan Fadinger Platz (1), Lainz(62), Baden (WLB) an die Oberfläche Ausgang Kliebergasse / Gassergasse (5. Bezirk).",KL A01, ,
